https://images.jonathan-harris.online/ai-earth-space-exploration-webp,https://ik.imagekit.io/7lx48g355/ai-earth-space-exploration_converted.webp?updatedAt=1769482415381,301,FALSE,FALSE,FALSE,FALSE
https://images.jonathan-harris.online/ai-education-reimagining-learning-webp,https://ik.imagekit.io/7lx48g355/ai-education-reimagining-learning_converted.webp?updatedAt=1769482415381,301,FALSE,FALSE,FALSE,FALSE
https://images.jonathan-harris.online/ai-agriculture-farming-sustainable-webp,https://ik.imagekit.io/7lx48g355/ai-agriculture-farming-sustainable_converted.webp?updatedAt=1769482415381,301,FALSE,FALSE,FALSE,FALSE
https://images.jonathan-harris.online/ai-government-enhance-services-webp,https://ik.imagekit.io/7lx48g355/ai-government-enhance-services_converted.webp?updatedAt=1769482415381,301,FALSE,FALSE,FALSE,FALSE
https://images.jonathan-harris.online/artificial-intelligence-cyber-practical-webp,https://ik.imagekit.io/7lx48g355/artificial-intelligence-cyber-practical_converted.webp?updatedAt=1769482415381,301,FALSE,FALSE,FALSE,FALSE
https://images.jonathan-harris.online/artificial-intelligence-construction-building-webp,https://ik.imagekit.io/7lx48g355/artificial-intelligence-construction-building_converted.webp?updatedAt=1769482415381,301,FALSE,FALSE,FALSE,FALSE
https://images.jonathan-harris.online/artificial-intelligence-industry-comprehensive-webp,https://ik.imagekit.io/7lx48g355/artificial-intelligence-industry-comprehensive_converted.webp?updatedAt=1769482415381,301,FALSE,FALSE,FALSE,FALSE
https://images.jonathan-harris.online/ai-house-always-knows-webp,https://ik.imagekit.io/7lx48g355/ai-house-always-knows_converted.webp?updatedAt=1769482415381,301,FALSE,FALSE,FALSE,FALSE
https://images.jonathan-harris.online/artificial-intelligence-revolution-manufacturing-webp,https://ik.imagekit.io/7lx48g355/artificial-intelligence-revolution-manufacturing_converted.webp?updatedAt=1769482415381,301,FALSE,FALSE,FALSE,FALSE
https://images.jonathan-harris.online/ai-music-revolution-creativity-webp,https://ik.imagekit.io/7lx48g355/ai-music-revolution-creativity_converted.webp?updatedAt=1769482415381,301,FALSE,FALSE,FALSE,FALSE
https://images.jonathan-harris.online/artificial-intelligence-banking-finance-webp,https://ik.imagekit.io/7lx48g355/artificial-intelligence-banking-finance_converted.webp?updatedAt=1769482415381,301,FALSE,FALSE,FALSE,FALSE
https://images.jonathan-harris.online/artificial-intelligence-veterinary-medicine-webp,https://ik.imagekit.io/7lx48g355/artificial-intelligence-veterinary-medicine_converted.webp?updatedAt=1769482415381,301,FALSE,FALSE,FALSE,FALSE
https://images.jonathan-harris.online/autonomous-revolution-artificial-intelligence-webp,https://ik.imagekit.io/7lx48g355/autonomous-revolution-artificial-intelligence_converted.webp?updatedAt=1769482415381,301,FALSE,FALSE,FALSE,FALSE
https://images.jonathan-harris.online/ai-smart-grid-electricity-webp,https://ik.imagekit.io/7lx48g355/ai-smart-grid-electricity_converted.webp?updatedAt=1769482415381,301,FALSE,FALSE,FALSE,FALSE
https://images.jonathan-harris.online/ai-revolution-railways-modernizing-webp,https://ik.imagekit.io/7lx48g355/ai-revolution-railways-modernizing_converted.webp?updatedAt=1769482415381,301,FALSE,FALSE,FALSE,FALSE
https://images.jonathan-harris.online/architects-ai_-pioneers_-breakthroughs_-webp,https://ik.imagekit.io/7lx48g355/architects-ai_-pioneers_-breakthroughs__converted.webp?updatedAt=1769482415381,301,FALSE,FALSE,FALSE,FALSE
https://images.jonathan-harris.online/ai-aviation-safety-webp,https://ik.imagekit.io/7lx48g355/ai-aviation-safety_converted.webp?updatedAt=1769482415381,301,FALSE,FALSE,FALSE,FALSE
https://images.jonathan-harris.online/ai-reporters-robots-reshaping-webp,https://ik.imagekit.io/7lx48g355/ai-reporters-robots-reshaping_converted.webp?updatedAt=1769482415381,301,FALSE,FALSE,FALSE,FALSE
https://images.jonathan-harris.online/artificial-intelligence-pharmaceuticals-revolutionizing-healthcare-webp,https://ik.imagekit.io/7lx48g355/artificial-intelligence-pharmaceuticals-revolutionizing-healthcare_converted.webp?updatedAt=1769482415381,301,FALSE,FALSE,FALSE,FALSE
https://images.jonathan-harris.online/artificial-intelligence-job-shift-webp,https://ik.imagekit.io/7lx48g355/artificial-intelligence-job-shift_converted.webp?updatedAt=1769482415381,301,FALSE,FALSE,FALSE,FALSE
https://images.jonathan-harris.online/ai-dumbening-reshaping-our-webp,https://ik.imagekit.io/7lx48g355/ai-dumbening-reshaping-our_converted.webp?updatedAt=1769482415381,301,FALSE,FALSE,FALSE,FALSE
https://images.jonathan-harris.online/ai-digital-defense-modern-webp,https://ik.imagekit.io/7lx48g355/ai-digital-defense-modern_converted.webp?updatedAt=1769482415381,301,FALSE,FALSE,FALSE,FALSE
https://images.jonathan-harris.online/ai-smart-buildings-webp,https://ik.imagekit.io/7lx48g355/ai-smart-buildings_converted.webp?updatedAt=1769482415381,301,FALSE,FALSE,FALSE,FALSE
https://images.jonathan-harris.online/ai-behind-your-feed-webp,https://ik.imagekit.io/7lx48g355/ai-behind-your-feed_converted.webp?updatedAt=1769482415381,301,FALSE,FALSE,FALSE,FALSE
https://images.jonathan-harris.online/ai-climate-intelligence-greener-webp,https://ik.imagekit.io/7lx48g355/ai-climate-intelligence-greener_converted.webp?updatedAt=1769482415381,301,FALSE,FALSE,FALSE,FALSE
https://images.jonathan-harris.online/ai-formula-speed-webp,https://ik.imagekit.io/7lx48g355/ai-formula-speed_converted.webp?updatedAt=1769482415381,301,FALSE,FALSE,FALSE,FALSE
https://images.jonathan-harris.online/artificial-intelligence-revolution-algorithms-webp,https://ik.imagekit.io/7lx48g355/artificial-intelligence-revolution-algorithms_converted.webp?updatedAt=1769482415381,301,FALSE,FALSE,FALSE,FALSE
https://images.jonathan-harris.online/artificial-intelligence-sports-performance-webp,https://ik.imagekit.io/7lx48g355/artificial-intelligence-sports-performance_converted.webp?updatedAt=1769482415381,301,FALSE,FALSE,FALSE,FALSE
https://images.jonathan-harris.online/artificial-intelligence-wildlife-conservation-webp,https://ik.imagekit.io/7lx48g355/artificial-intelligence-wildlife-conservation_converted.webp?updatedAt=1769482415381,301,FALSE,FALSE,FALSE,FALSE
https://images.jonathan-harris.online/ai-game-unleashed-finite-webp,https://ik.imagekit.io/7lx48g355/ai-game-unleashed-finite_converted.webp?updatedAt=1769482415381,301,FALSE,FALSE,FALSE,FALSE
https://images.jonathan-harris.online/ai-maritime-shipping-webp,https://ik.imagekit.io/7lx48g355/ai-maritime-shipping_converted.webp?updatedAt=1769482415381,301,FALSE,FALSE,FALSE,FALSE
https://images.jonathan-harris.online/artificial-intelligence-logistics-webp,https://ik.imagekit.io/7lx48g355/artificial-intelligence-logistics_converted.webp?updatedAt=1769482415381,301,FALSE,FALSE,FALSE,FALSE
https://images.jonathan-harris.online/lights-camera-algorithm-ais-webp,https://ik.imagekit.io/7lx48g355/lights-camera-algorithm-ais_converted.webp?updatedAt=1769482415381,301,FALSE,FALSE,FALSE,FALSE
https://images.jonathan-harris.online/artificial-intelligence-retail-customer-webp,https://ik.imagekit.io/7lx48g355/artificial-intelligence-retail-customer_converted.webp?updatedAt=1769482415381,301,FALSE,FALSE,FALSE,FALSE
https://images.jonathan-harris.online/ai-digital-diagnosis-healthcare-webp,https://ik.imagekit.io/7lx48g355/ai-digital-diagnosis-healthcare_converted.webp?updatedAt=1769482415381,301,FALSE,FALSE,FALSE,FALSE
https://images.jonathan-harris.online/artificial-intelligence-law-webp,https://ik.imagekit.io/7lx48g355/artificial-intelligence-law_converted.webp?updatedAt=1769482415381,301,FALSE,FALSE,FALSE,FALSE
https://images.jonathan-harris.online/facebook-icon,https://ik.imagekit.io/7lx48g355/Facebook-80x80_converted.webp?updatedAt=1769559802144,301,FALSE,FALSE,FALSE,FALSE
https://images.jonathan-harris.online/tiktok-icon,https://ik.imagekit.io/7lx48g355/TikTok-80x80_converted.webp?updatedAt=1769559802144,301,FALSE,FALSE,FALSE,FALSE
https://images.jonathan-harris.online/insta-logo,https://ik.imagekit.io/7lx48g355/Instagram-80x80_converted.webp?updatedAt=1769559802144,301,FALSE,FALSE,FALSE,FALSE
https://images.jonathan-harris.online/spotify-logo,https://ik.imagekit.io/7lx48g355/Spotify-80x80_converted.webp?updatedAt=1769559802144,301,FALSE,FALSE,FALSE,FALSE
https://images.jonathan-harris.online/youtube-logo,https://ik.imagekit.io/7lx48g355/YouTube-80x80_converted.webp?updatedAt=1769559802144,301,FALSE,FALSE,FALSE,FALSE
https://images.jonathan-harris.online/ebooks-image,https://ik.imagekit.io/7lx48g355/ebooks-site.webp?updatedAt=1769560969887,301,FALSE,FALSE,FALSE,FALSE
https://images.jonathan-harris.online/podcast-img,https://ik.imagekit.io/7lx48g355/podcast-site.webp?updatedAt=1769560969887,301,FALSE,FALSE,FALSE,FALSE
https://images.jonathan-harris.online/site-logo,https://ik.imagekit.io/7lx48g355/New-logo.webp,301,FALSE,FALSE,FALSE,FALSE
https://images.jonathan-harris.online/site-newsletter,https://ik.imagekit.io/7lx48g355/newsletter-site.webp?updatedAt=1769560969887,301,FALSE,FALSE,FALSE,FALSE
https://images.jonathan-harris.online/404-img,https://ik.imagekit.io/7lx48g355/404-site.webp?updatedAt=1769560969887,301,FALSE,FALSE,FALSE,FALSE
https://images.jonathan-harris.online/hp-newsletter,https://ik.imagekit.io/7lx48g355/newsletter-hp-site.webp?updatedAt=1769560969887,301,FALSE,FALSE,FALSE,FALSE
https://images.jonathan-harris.online/about-banner,https://ik.imagekit.io/7lx48g355/about-banner-site.webp?updatedAt=1769560969887,301,FALSE,FALSE,FALSE,FALSE
https://images.jonathan-harris.online/g8PlHF,https://ik.imagekit.io/7lx48g355/New-logo.webp,301,FALSE,FALSE,FALSE,FALSE
https://images.jonathan-harris.online/headshot,https://ik.imagekit.io/7lx48g355/headshot%202026.webp,301,FALSE,FALSE,FALSE,FALSE
https://images.jonathan-harris.online/Monday,https://ik.imagekit.io/7lx48g355/motivational_monday.png?updatedAt=1748584347951&tr=w-1080%2Ch-1350%2Cfo-auto,301,FALSE,FALSE,FALSE,FALSE
https://images.jonathan-harris.online/Tuesday,https://ik.imagekit.io/7lx48g355/tech_talk_tuesday.png?updatedAt=1747834957458,301,FALSE,FALSE,FALSE,FALSE
https://images.jonathan-harris.online/Wednesday,https://ik.imagekit.io/7lx48g355/writers_wednesday.png,301,FALSE,FALSE,FALSE,FALSE
https://images.jonathan-harris.online/Thursday,https://ik.imagekit.io/7lx48g355/tech_thursday.png?updatedAt=1748582822667&tr=w-1080%2Ch-1350%2Cfo-auto,301,FALSE,FALSE,FALSE,FALSE
https://images.jonathan-harris.online/Friday,https://ik.imagekit.io/7lx48g355/sneak_peek_friday.png?updatedAt=1747834957458,301,FALSE,FALSE,FALSE,FALSE
https://images.jonathan-harris.online/Saturday,https://ik.imagekit.io/7lx48g355/thoughtful_saturday.png?updatedAt=1748584213018&tr=w-1080%2Ch-1350%2Cfo-auto,301,FALSE,FALSE,FALSE,FALSE
https://images.jonathan-harris.online/Sunday,https://ik.imagekit.io/7lx48g355/spotlight_sunday.png,301,FALSE,FALSE,FALSE,FALSE
https://images.jonathan-harris.online/Quiz,https://ik.imagekit.io/7lx48g355/Quiz%20time%20?updatedAt=1748582678197&tr=w-1080%2Ch-1350%2Cfo-auto,301,FALSE,FALSE,FALSE,FALSE
https://images.jonathan-harris.online/Answer,https://ik.imagekit.io/7lx48g355/Answer%20time%20?updatedAt=1748582768324&tr=w-1080%2Ch-1350%2Cfo-auto,301,FALSE,FALSE,FALSE,FALSE
https://images.jonathan-harris.online/artificial-intelligence-small-business-webp,https://ik.imagekit.io/7lx48g355/ai_for_small_business_success-webp.webp,301,FALSE,FALSE,FALSE,FALSE
https://images.jonathan-harris.online/artificial-intelligence-small-business-sf,https://ik.imagekit.io/7lx48g355/ai_for_small_business_success.jpg,301,FALSE,FALSE,FALSE,FALSE
https://images.jonathan-harris.online/ai-agents-everyday-work-webp,https://ik.imagekit.io/7lx48g355/ai_agents_for_work_efficiency-webp.webp,301,FALSE,FALSE,FALSE,FALSE
https://images.jonathan-harris.online/ai-agents-everyday-work-sf,https://ik.imagekit.io/7lx48g355/ai_agents_for_work_efficiency.jpg,301,FALSE,FALSE,FALSE,FALSE
https://images.jonathan-harris.online/deepfakes-ai-scams-synthetic-reality-webp,https://ik.imagekit.io/7lx48g355/deepfakes_and_synthetic_reality_explained-webp.webp,301,FALSE,FALSE,FALSE,FALSE
https://images.jonathan-harris.online/deepfakes-ai-scams-synthetic-reality-sf,https://ik.imagekit.io/7lx48g355/deepfakes_and_synthetic_reality_explained.jpg,301,FALSE,FALSE,FALSE,FALSE
https://images.jonathan-harris.online/ai-literacy-modern-workplace-webp,https://ik.imagekit.io/7lx48g355/ai_literacy_for_the_modern_workplace-webp.webp,301,FALSE,FALSE,FALSE,FALSE
https://images.jonathan-harris.online/ai-literacy-modern-workplace-sf,https://ik.imagekit.io/7lx48g355/ai_literacy_for_the_modern_workplace.jpg,301,FALSE,FALSE,FALSE,FALSE
